Order ID,Date,Product,Category,Price,Quantity,Total Sales,Customer Name,Customer Location,Payment Method,Status
ORD0001,14-03-25,Running Shoes,Footwear,60,3,180,Emma Clark,New York,,Cancelled
ORD0002,20-03-25,Headphones,Electronics,100,4,400,Emily Johnson,San Francisco,Debit Card,Pending
ORD0003,15-02-25,Running Shoes,Footwear,60,2,120,John Doe,Denver,Amazon Pay,Cancelled
ORD0004,19-02-25,Running Shoes,Footwear,60,3,180,Olivia Wilson,Dallas,Credit Card,Pending
ORD0005,10-03-25,Smartwatch,Electronics,150,3,450,Emma Clark,New York,Debit Card,Pending
ORD0006,14-03-25,T-Shirt,Clothing,20,1,20,John Doe,Dallas,Credit Card,Pending
ORD0007,18-03-25,Smartwatch,Electronics,150,4,600,Emma Clark,Houston,PayPal,Completed
ORD0008,02-03-25,Smartphone,Electronics,500,1,500,Sophia Miller,Miami,PayPal,Completed
ORD0009,08-03-25,T-Shirt,Clothing,20,3,60,Sophia Miller,Boston,PayPal,Completed
